1	13	0	1685700.00	2026-03-19 13:17:39.916
2	13	1	1685700.00	2026-03-19 13:17:39.916
3	13	2	1738800.00	2026-03-19 13:17:39.916
4	13	3	1738800.00	2026-03-19 13:17:39.916
5	13	4	1793500.00	2026-03-19 13:17:39.916
6	13	5	1793500.00	2026-03-19 13:17:39.916
7	13	6	1850000.00	2026-03-19 13:17:39.916
8	13	7	1850000.00	2026-03-19 13:17:39.916
9	13	8	1908300.00	2026-03-19 13:17:39.916
10	13	9	1908300.00	2026-03-19 13:17:39.916
11	13	10	1968400.00	2026-03-19 13:17:39.916
12	13	11	1968400.00	2026-03-19 13:17:39.916
13	13	12	2030400.00	2026-03-19 13:17:39.916
14	13	13	2030400.00	2026-03-19 13:17:39.916
15	13	14	2094300.00	2026-03-19 13:17:39.916
16	13	15	2094300.00	2026-03-19 13:17:39.916
17	13	16	2160300.00	2026-03-19 13:17:39.916
18	13	17	2160300.00	2026-03-19 13:17:39.916
19	13	18	2228300.00	2026-03-19 13:17:39.916
20	13	19	2228300.00	2026-03-19 13:17:39.916
21	13	20	2298500.00	2026-03-19 13:17:39.916
22	13	21	2298500.00	2026-03-19 13:17:39.916
23	13	22	2370900.00	2026-03-19 13:17:39.916
24	13	23	2370900.00	2026-03-19 13:17:39.916
25	13	24	2445500.00	2026-03-19 13:17:39.916
26	13	25	2445500.00	2026-03-19 13:17:39.916
27	13	26	2522600.00	2026-03-19 13:17:39.916
28	13	27	2522600.00	2026-03-19 13:17:39.916
29	13	28	0.00	2026-03-19 13:17:39.916
30	13	29	0.00	2026-03-19 13:17:39.916
31	13	30	0.00	2026-03-19 13:17:39.916
32	13	31	0.00	2026-03-19 13:17:39.916
33	13	32	0.00	2026-03-19 13:17:39.916
34	13	33	0.00	2026-03-19 13:17:39.916
35	15	0	0.00	2026-03-19 13:17:39.916
36	15	1	0.00	2026-03-19 13:17:39.916
37	15	2	0.00	2026-03-19 13:17:39.916
38	15	3	1840800.00	2026-03-19 13:17:39.916
39	15	4	1840800.00	2026-03-19 13:17:39.916
40	15	5	1898800.00	2026-03-19 13:17:39.916
41	15	6	1898800.00	2026-03-19 13:17:39.916
42	15	7	1958600.00	2026-03-19 13:17:39.916
43	15	8	1958600.00	2026-03-19 13:17:39.916
44	15	9	2020300.00	2026-03-19 13:17:39.916
45	15	10	2020300.00	2026-03-19 13:17:39.916
46	15	11	2083900.00	2026-03-19 13:17:39.916
47	15	12	2083900.00	2026-03-19 13:17:39.916
48	15	13	2149600.00	2026-03-19 13:17:39.916
49	15	14	2149600.00	2026-03-19 13:17:39.916
50	15	15	2217300.00	2026-03-19 13:17:39.916
51	15	16	2217300.00	2026-03-19 13:17:39.916
52	15	17	2287100.00	2026-03-19 13:17:39.916
53	15	18	2287100.00	2026-03-19 13:17:39.916
54	15	19	2359100.00	2026-03-19 13:17:39.916
55	15	20	2359100.00	2026-03-19 13:17:39.916
56	15	21	2433400.00	2026-03-19 13:17:39.916
57	15	22	2433400.00	2026-03-19 13:17:39.916
58	15	23	2510100.00	2026-03-19 13:17:39.916
59	15	24	2510100.00	2026-03-19 13:17:39.916
60	15	25	2589100.00	2026-03-19 13:17:39.916
61	15	26	2589100.00	2026-03-19 13:17:39.916
62	15	27	2670700.00	2026-03-19 13:17:39.916
63	15	28	0.00	2026-03-19 13:17:39.916
64	15	29	0.00	2026-03-19 13:17:39.916
65	15	30	0.00	2026-03-19 13:17:39.916
66	15	31	0.00	2026-03-19 13:17:39.916
67	15	32	0.00	2026-03-19 13:17:39.916
68	15	33	0.00	2026-03-19 13:17:39.916
69	11	0	0.00	2026-03-19 13:17:39.916
70	11	1	0.00	2026-03-19 13:17:39.916
71	11	2	0.00	2026-03-19 13:17:39.916
72	11	3	1918700.00	2026-03-19 13:17:39.916
73	11	4	1918700.00	2026-03-19 13:17:39.916
74	11	5	1979100.00	2026-03-19 13:17:39.916
75	11	6	1979100.00	2026-03-19 13:17:39.916
76	11	7	2041500.00	2026-03-19 13:17:39.916
77	11	8	2041500.00	2026-03-19 13:17:39.916
78	11	9	2105800.00	2026-03-19 13:17:39.916
79	11	10	2105800.00	2026-03-19 13:17:39.916
80	11	11	2172100.00	2026-03-19 13:17:39.916
81	11	12	2172100.00	2026-03-19 13:17:39.916
82	11	13	2240500.00	2026-03-19 13:17:39.916
83	11	14	2240500.00	2026-03-19 13:17:39.916
84	11	15	2311100.00	2026-03-19 13:17:39.916
85	11	16	2311100.00	2026-03-19 13:17:39.916
86	11	17	2383900.00	2026-03-19 13:17:39.916
87	11	18	2383900.00	2026-03-19 13:17:39.916
88	11	19	2458900.00	2026-03-19 13:17:39.916
89	11	20	2458900.00	2026-03-19 13:17:39.916
90	11	21	2536400.00	2026-03-19 13:17:39.916
91	11	22	2536400.00	2026-03-19 13:17:39.916
92	11	23	2616300.00	2026-03-19 13:17:39.916
93	11	24	2616300.00	2026-03-19 13:17:39.916
94	11	25	2698700.00	2026-03-19 13:17:39.916
95	11	26	2698700.00	2026-03-19 13:17:39.916
96	11	27	2783700.00	2026-03-19 13:17:39.916
97	11	28	0.00	2026-03-19 13:17:39.916
98	11	29	0.00	2026-03-19 13:17:39.916
99	11	30	0.00	2026-03-19 13:17:39.916
100	11	31	0.00	2026-03-19 13:17:39.916
101	11	32	0.00	2026-03-19 13:17:39.916
102	11	33	0.00	2026-03-19 13:17:39.916
103	14	0	0.00	2026-03-19 13:17:39.916
104	14	1	0.00	2026-03-19 13:17:39.916
105	14	2	0.00	2026-03-19 13:17:39.916
106	14	3	1999900.00	2026-03-19 13:17:39.916
107	14	4	1999900.00	2026-03-19 13:17:39.916
108	14	5	2062900.00	2026-03-19 13:17:39.916
109	14	6	2062900.00	2026-03-19 13:17:39.916
110	14	7	2127800.00	2026-03-19 13:17:39.916
111	14	8	2127800.00	2026-03-19 13:17:39.916
112	14	9	2194800.00	2026-03-19 13:17:39.916
113	14	10	2194800.00	2026-03-19 13:17:39.916
114	14	11	2264000.00	2026-03-19 13:17:39.916
115	14	12	2264000.00	2026-03-19 13:17:39.916
116	14	13	2335300.00	2026-03-19 13:17:39.916
117	14	14	2335300.00	2026-03-19 13:17:39.916
118	14	15	2408800.00	2026-03-19 13:17:39.916
119	14	16	2408800.00	2026-03-19 13:17:39.916
120	14	17	2484700.00	2026-03-19 13:17:39.916
121	14	18	2484700.00	2026-03-19 13:17:39.916
122	14	19	2562900.00	2026-03-19 13:17:39.916
123	14	20	2562900.00	2026-03-19 13:17:39.916
124	14	21	2643700.00	2026-03-19 13:17:39.916
125	14	22	2643700.00	2026-03-19 13:17:39.916
126	14	23	2726900.00	2026-03-19 13:17:39.916
127	14	24	2726900.00	2026-03-19 13:17:39.916
128	14	25	2812800.00	2026-03-19 13:17:39.916
129	14	26	2812800.00	2026-03-19 13:17:39.916
130	14	27	2901400.00	2026-03-19 13:17:39.916
131	14	28	0.00	2026-03-19 13:17:39.916
132	14	29	0.00	2026-03-19 13:17:39.916
133	14	30	0.00	2026-03-19 13:17:39.916
134	14	31	0.00	2026-03-19 13:17:39.916
135	14	32	0.00	2026-03-19 13:17:39.916
136	14	33	0.00	2026-03-19 13:17:39.916
137	1	0	2184000.00	2026-03-19 13:17:39.916
138	1	1	2218400.00	2026-03-19 13:17:39.916
139	1	2	2218400.00	2026-03-19 13:17:39.916
140	1	3	2288200.00	2026-03-19 13:17:39.916
141	1	4	2288200.00	2026-03-19 13:17:39.916
142	1	5	2360300.00	2026-03-19 13:17:39.916
143	1	6	2360300.00	2026-03-19 13:17:39.916
144	1	7	2434600.00	2026-03-19 13:17:39.916
145	1	8	2434600.00	2026-03-19 13:17:39.916
146	1	9	2511300.00	2026-03-19 13:17:39.916
147	1	10	2511300.00	2026-03-19 13:17:39.916
148	1	11	2590400.00	2026-03-19 13:17:39.916
149	1	12	2590400.00	2026-03-19 13:17:39.916
150	1	13	2672000.00	2026-03-19 13:17:39.916
151	1	14	2672000.00	2026-03-19 13:17:39.916
152	1	15	2756200.00	2026-03-19 13:17:39.916
153	1	16	2756200.00	2026-03-19 13:17:39.916
154	1	17	2843000.00	2026-03-19 13:17:39.916
155	1	18	2843000.00	2026-03-19 13:17:39.916
156	1	19	2932500.00	2026-03-19 13:17:39.916
157	1	20	2932500.00	2026-03-19 13:17:39.916
158	1	21	3024900.00	2026-03-19 13:17:39.916
159	1	22	3024900.00	2026-03-19 13:17:39.916
160	1	23	3120100.00	2026-03-19 13:17:39.916
161	1	24	3120100.00	2026-03-19 13:17:39.916
162	1	25	3218400.00	2026-03-19 13:17:39.916
163	1	26	3218400.00	2026-03-19 13:17:39.916
164	1	27	3319800.00	2026-03-19 13:17:39.916
165	1	28	3319800.00	2026-03-19 13:17:39.916
166	1	29	3424300.00	2026-03-19 13:17:39.916
167	1	30	3424300.00	2026-03-19 13:17:39.916
168	1	31	3532200.00	2026-03-19 13:17:39.916
169	1	32	3532200.00	2026-03-19 13:17:39.916
170	1	33	3643400.00	2026-03-19 13:17:39.916
171	10	0	0.00	2026-03-19 13:17:39.916
172	10	1	0.00	2026-03-19 13:17:39.916
173	10	2	0.00	2026-03-19 13:17:39.916
174	10	3	2385000.00	2026-03-19 13:17:39.916
175	10	4	2385000.00	2026-03-19 13:17:39.916
176	10	5	2460100.00	2026-03-19 13:17:39.916
177	10	6	2460100.00	2026-03-19 13:17:39.916
178	10	7	2537600.00	2026-03-19 13:17:39.916
179	10	8	2537600.00	2026-03-19 13:17:39.916
180	10	9	2617500.00	2026-03-19 13:17:39.916
181	10	10	2617500.00	2026-03-19 13:17:39.916
182	10	11	2700000.00	2026-03-19 13:17:39.916
183	10	12	2700000.00	2026-03-19 13:17:39.916
184	10	13	2785000.00	2026-03-19 13:17:39.916
185	10	14	2785000.00	2026-03-19 13:17:39.916
186	10	15	2872700.00	2026-03-19 13:17:39.916
187	10	16	2872700.00	2026-03-19 13:17:39.916
188	10	17	2963200.00	2026-03-19 13:17:39.916
189	10	18	2963200.00	2026-03-19 13:17:39.916
190	10	19	3056500.00	2026-03-19 13:17:39.916
191	10	20	3056500.00	2026-03-19 13:17:39.916
192	10	21	3152800.00	2026-03-19 13:17:39.916
193	10	22	3152800.00	2026-03-19 13:17:39.916
194	10	23	3252100.00	2026-03-19 13:17:39.916
195	10	24	3252100.00	2026-03-19 13:17:39.916
196	10	25	3354500.00	2026-03-19 13:17:39.916
197	10	26	3354500.00	2026-03-19 13:17:39.916
198	10	27	3460200.00	2026-03-19 13:17:39.916
199	10	28	3460200.00	2026-03-19 13:17:39.916
200	10	29	3569200.00	2026-03-19 13:17:39.916
201	10	30	3569200.00	2026-03-19 13:17:39.916
202	10	31	3681600.00	2026-03-19 13:17:39.916
203	10	32	3681600.00	2026-03-19 13:17:39.916
204	10	33	3797500.00	2026-03-19 13:17:39.916
205	8	0	0.00	2026-03-19 13:17:39.916
206	8	1	0.00	2026-03-19 13:17:39.916
207	8	2	0.00	2026-03-19 13:17:39.916
208	8	3	2485900.00	2026-03-19 13:17:39.916
209	8	4	2485900.00	2026-03-19 13:17:39.916
210	8	5	2564200.00	2026-03-19 13:17:39.916
211	8	6	2564200.00	2026-03-19 13:17:39.916
212	8	7	2645000.00	2026-03-19 13:17:39.916
213	8	8	2645000.00	2026-03-19 13:17:39.916
214	8	9	2728300.00	2026-03-19 13:17:39.916
215	8	10	2728300.00	2026-03-19 13:17:39.916
216	8	11	2814200.00	2026-03-19 13:17:39.916
217	8	12	2814200.00	2026-03-19 13:17:39.916
218	8	13	2902800.00	2026-03-19 13:17:39.916
219	8	14	2902800.00	2026-03-19 13:17:39.916
220	8	15	2994300.00	2026-03-19 13:17:39.916
221	8	16	2994300.00	2026-03-19 13:17:39.916
222	8	17	3088600.00	2026-03-19 13:17:39.916
223	8	18	3088600.00	2026-03-19 13:17:39.916
224	8	19	3185800.00	2026-03-19 13:17:39.916
225	8	20	3185800.00	2026-03-19 13:17:39.916
226	8	21	3286200.00	2026-03-19 13:17:39.916
227	8	22	3286200.00	2026-03-19 13:17:39.916
228	8	23	3389700.00	2026-03-19 13:17:39.916
229	8	24	3389700.00	2026-03-19 13:17:39.916
230	8	25	3496400.00	2026-03-19 13:17:39.916
231	8	26	3496400.00	2026-03-19 13:17:39.916
232	8	27	3606500.00	2026-03-19 13:17:39.916
233	8	28	3606500.00	2026-03-19 13:17:39.916
234	8	29	3720100.00	2026-03-19 13:17:39.916
235	8	30	3720100.00	2026-03-19 13:17:39.916
236	8	31	3837300.00	2026-03-19 13:17:39.916
237	8	32	3837300.00	2026-03-19 13:17:39.916
238	8	33	3958200.00	2026-03-19 13:17:39.916
239	12	0	0.00	2026-03-19 13:17:39.916
240	12	1	0.00	2026-03-19 13:17:39.916
241	12	2	0.00	2026-03-19 13:17:39.916
242	12	3	2591100.00	2026-03-19 13:17:39.916
243	12	4	2591100.00	2026-03-19 13:17:39.916
244	12	5	2672700.00	2026-03-19 13:17:39.916
245	12	6	2672700.00	2026-03-19 13:17:39.916
246	12	7	2756800.00	2026-03-19 13:17:39.916
247	12	8	2756800.00	2026-03-19 13:17:39.916
248	12	9	2843700.00	2026-03-19 13:17:39.916
249	12	10	2843700.00	2026-03-19 13:17:39.916
250	12	11	2933200.00	2026-03-19 13:17:39.916
251	12	12	2933200.00	2026-03-19 13:17:39.916
252	12	13	3025600.00	2026-03-19 13:17:39.916
253	12	14	3025600.00	2026-03-19 13:17:39.916
254	12	15	3120900.00	2026-03-19 13:17:39.916
255	12	16	3120900.00	2026-03-19 13:17:39.916
256	12	17	3219200.00	2026-03-19 13:17:39.916
257	12	18	3219200.00	2026-03-19 13:17:39.916
258	12	19	3320600.00	2026-03-19 13:17:39.916
259	12	20	3320600.00	2026-03-19 13:17:39.916
260	12	21	3425200.00	2026-03-19 13:17:39.916
261	12	22	3425200.00	2026-03-19 13:17:39.916
262	12	23	3533100.00	2026-03-19 13:17:39.916
263	12	24	3533100.00	2026-03-19 13:17:39.916
264	12	25	3644300.00	2026-03-19 13:17:39.916
265	12	26	3644300.00	2026-03-19 13:17:39.916
266	12	27	3759100.00	2026-03-19 13:17:39.916
267	12	28	3759100.00	2026-03-19 13:17:39.916
268	12	29	3877500.00	2026-03-19 13:17:39.916
269	12	30	3877500.00	2026-03-19 13:17:39.916
270	12	31	3999600.00	2026-03-19 13:17:39.916
271	12	32	3999600.00	2026-03-19 13:17:39.916
272	12	33	4125600.00	2026-03-19 13:17:39.916
273	9	0	2785700.00	2026-03-19 13:17:39.916
274	9	1	2785700.00	2026-03-19 13:17:39.916
275	9	2	2873500.00	2026-03-19 13:17:39.916
276	9	3	2873500.00	2026-03-19 13:17:39.916
277	9	4	2964000.00	2026-03-19 13:17:39.916
278	9	5	2964000.00	2026-03-19 13:17:39.916
279	9	6	3057300.00	2026-03-19 13:17:39.916
280	9	7	3057300.00	2026-03-19 13:17:39.916
281	9	8	3153600.00	2026-03-19 13:17:39.916
282	9	9	3153600.00	2026-03-19 13:17:39.916
283	9	10	3252900.00	2026-03-19 13:17:39.916
284	9	11	3252900.00	2026-03-19 13:17:39.916
285	9	12	3355400.00	2026-03-19 13:17:39.916
286	9	13	3355400.00	2026-03-19 13:17:39.916
287	9	14	3461100.00	2026-03-19 13:17:39.916
288	9	15	3461100.00	2026-03-19 13:17:39.916
289	9	16	3570100.00	2026-03-19 13:17:39.916
290	9	17	3570100.00	2026-03-19 13:17:39.916
291	9	18	3682500.00	2026-03-19 13:17:39.916
292	9	19	3682500.00	2026-03-19 13:17:39.916
293	9	20	3798500.00	2026-03-19 13:17:39.916
294	9	21	3798500.00	2026-03-19 13:17:39.916
295	9	22	3918100.00	2026-03-19 13:17:39.916
296	9	23	3918100.00	2026-03-19 13:17:39.916
297	9	24	4041500.00	2026-03-19 13:17:39.916
298	9	25	4041500.00	2026-03-19 13:17:39.916
299	9	26	4168800.00	2026-03-19 13:17:39.916
300	9	27	4168800.00	2026-03-19 13:17:39.916
301	9	28	4300100.00	2026-03-19 13:17:39.916
302	9	29	4300100.00	2026-03-19 13:17:39.916
303	9	30	4435500.00	2026-03-19 13:17:39.916
304	9	31	4435500.00	2026-03-19 13:17:39.916
305	9	32	4575200.00	2026-03-19 13:17:39.916
306	9	33	0.00	2026-03-19 13:17:39.916
307	4	0	2903600.00	2026-03-19 13:17:39.916
308	4	1	2903600.00	2026-03-19 13:17:39.916
309	4	2	2995000.00	2026-03-19 13:17:39.916
310	4	3	2995000.00	2026-03-19 13:17:39.916
311	4	4	3089300.00	2026-03-19 13:17:39.916
312	4	5	3089300.00	2026-03-19 13:17:39.916
313	4	6	3186600.00	2026-03-19 13:17:39.916
314	4	7	3186600.00	2026-03-19 13:17:39.916
315	4	8	3287000.00	2026-03-19 13:17:39.916
316	4	9	3287000.00	2026-03-19 13:17:39.916
317	4	10	3390500.00	2026-03-19 13:17:39.916
318	4	11	3390500.00	2026-03-19 13:17:39.916
319	4	12	3497300.00	2026-03-19 13:17:39.916
320	4	13	3497300.00	2026-03-19 13:17:39.916
321	4	14	3607500.00	2026-03-19 13:17:39.916
322	4	15	3607500.00	2026-03-19 13:17:39.916
323	4	16	3721100.00	2026-03-19 13:17:39.916
324	4	17	3721100.00	2026-03-19 13:17:39.916
325	4	18	3838300.00	2026-03-19 13:17:39.916
326	4	19	3838300.00	2026-03-19 13:17:39.916
327	4	20	3959200.00	2026-03-19 13:17:39.916
328	4	21	3959200.00	2026-03-19 13:17:39.916
329	4	22	4083900.00	2026-03-19 13:17:39.916
330	4	23	4083900.00	2026-03-19 13:17:39.916
331	4	24	4212500.00	2026-03-19 13:17:39.916
332	4	25	4212500.00	2026-03-19 13:17:39.916
333	4	26	4345100.00	2026-03-19 13:17:39.916
334	4	27	4345100.00	2026-03-19 13:17:39.916
335	4	28	4482000.00	2026-03-19 13:17:39.916
336	4	29	4482000.00	2026-03-19 13:17:39.916
337	4	30	4623200.00	2026-03-19 13:17:39.916
338	4	31	4623200.00	2026-03-19 13:17:39.916
339	4	32	4768800.00	2026-03-19 13:17:39.916
340	4	33	0.00	2026-03-19 13:17:39.916
341	2	0	3026400.00	2026-03-19 13:17:39.916
342	2	1	3026400.00	2026-03-19 13:17:39.916
343	2	2	3121700.00	2026-03-19 13:17:39.916
344	2	3	3121700.00	2026-03-19 13:17:39.916
345	2	4	3220000.00	2026-03-19 13:17:39.916
346	2	5	3220000.00	2026-03-19 13:17:39.916
347	2	6	3321400.00	2026-03-19 13:17:39.916
348	2	7	3321400.00	2026-03-19 13:17:39.916
349	2	8	3426000.00	2026-03-19 13:17:39.916
350	2	9	3426000.00	2026-03-19 13:17:39.916
351	2	10	3533900.00	2026-03-19 13:17:39.916
352	2	11	3533900.00	2026-03-19 13:17:39.916
353	2	12	3645200.00	2026-03-19 13:17:39.916
354	2	13	3645200.00	2026-03-19 13:17:39.916
355	2	14	3760100.00	2026-03-19 13:17:39.916
356	2	15	3760100.00	2026-03-19 13:17:39.916
357	2	16	3878500.00	2026-03-19 13:17:39.916
358	2	17	3878500.00	2026-03-19 13:17:39.916
359	2	18	4000600.00	2026-03-19 13:17:39.916
360	2	19	4000600.00	2026-03-19 13:17:39.916
361	2	20	4126600.00	2026-03-19 13:17:39.916
362	2	21	4126600.00	2026-03-19 13:17:39.916
363	2	22	4256600.00	2026-03-19 13:17:39.916
364	2	23	4256600.00	2026-03-19 13:17:39.916
365	2	24	4390700.00	2026-03-19 13:17:39.916
366	2	25	4390700.00	2026-03-19 13:17:39.916
367	2	26	4528900.00	2026-03-19 13:17:39.916
368	2	27	4528900.00	2026-03-19 13:17:39.916
369	2	28	4671600.00	2026-03-19 13:17:39.916
370	2	29	4671600.00	2026-03-19 13:17:39.916
371	2	30	4818700.00	2026-03-19 13:17:39.916
372	2	31	4818700.00	2026-03-19 13:17:39.916
373	2	32	4970500.00	2026-03-19 13:17:39.916
374	2	33	0.00	2026-03-19 13:17:39.916
375	7	0	3154400.00	2026-03-19 13:17:39.916
376	7	1	3154400.00	2026-03-19 13:17:39.916
377	7	2	3253700.00	2026-03-19 13:17:39.916
378	7	3	3253700.00	2026-03-19 13:17:39.916
379	7	4	3356200.00	2026-03-19 13:17:39.916
380	7	5	3356200.00	2026-03-19 13:17:39.916
381	7	6	3461900.00	2026-03-19 13:17:39.916
382	7	7	3461900.00	2026-03-19 13:17:39.916
383	7	8	3571000.00	2026-03-19 13:17:39.916
384	7	9	3571000.00	2026-03-19 13:17:39.916
385	7	10	3683400.00	2026-03-19 13:17:39.916
386	7	11	3683400.00	2026-03-19 13:17:39.916
387	7	12	3799400.00	2026-03-19 13:17:39.916
388	7	13	3799400.00	2026-03-19 13:17:39.916
389	7	14	3919100.00	2026-03-19 13:17:39.916
390	7	15	3919100.00	2026-03-19 13:17:39.916
391	7	16	4042500.00	2026-03-19 13:17:39.916
392	7	17	4042500.00	2026-03-19 13:17:39.916
393	7	18	4169900.00	2026-03-19 13:17:39.916
394	7	19	4169900.00	2026-03-19 13:17:39.916
395	7	20	4301200.00	2026-03-19 13:17:39.916
396	7	21	4301200.00	2026-03-19 13:17:39.916
397	7	22	4436700.00	2026-03-19 13:17:39.916
398	7	23	4436700.00	2026-03-19 13:17:39.916
399	7	24	4576400.00	2026-03-19 13:17:39.916
400	7	25	4576400.00	2026-03-19 13:17:39.916
401	7	26	4720500.00	2026-03-19 13:17:39.916
402	7	27	4720500.00	2026-03-19 13:17:39.916
403	7	28	4869200.00	2026-03-19 13:17:39.916
404	7	29	4869200.00	2026-03-19 13:17:39.916
405	7	30	5022500.00	2026-03-19 13:17:39.916
406	7	31	5022500.00	2026-03-19 13:17:39.916
407	7	32	5180700.00	2026-03-19 13:17:39.916
408	7	33	0.00	2026-03-19 13:17:39.916
409	3	0	3287800.00	2026-03-19 13:17:39.916
410	3	1	3287800.00	2026-03-19 13:17:39.916
411	3	2	3391400.00	2026-03-19 13:17:39.916
412	3	3	3391400.00	2026-03-19 13:17:39.916
413	3	4	3498200.00	2026-03-19 13:17:39.916
414	3	5	3498200.00	2026-03-19 13:17:39.916
415	3	6	3608400.00	2026-03-19 13:17:39.916
416	3	7	3608400.00	2026-03-19 13:17:39.916
417	3	8	3722000.00	2026-03-19 13:17:39.916
418	3	9	3722000.00	2026-03-19 13:17:39.916
419	3	10	3839200.00	2026-03-19 13:17:39.916
420	3	11	3839200.00	2026-03-19 13:17:39.916
421	3	12	3960200.00	2026-03-19 13:17:39.916
422	3	13	3960200.00	2026-03-19 13:17:39.916
423	3	14	4084900.00	2026-03-19 13:17:39.916
424	3	15	4084900.00	2026-03-19 13:17:39.916
425	3	16	4213500.00	2026-03-19 13:17:39.916
426	3	17	4213500.00	2026-03-19 13:17:39.916
427	3	18	4346200.00	2026-03-19 13:17:39.916
428	3	19	4346200.00	2026-03-19 13:17:39.916
429	3	20	4483100.00	2026-03-19 13:17:39.916
430	3	21	4483100.00	2026-03-19 13:17:39.916
431	3	22	4624300.00	2026-03-19 13:17:39.916
432	3	23	4624300.00	2026-03-19 13:17:39.916
433	3	24	4770000.00	2026-03-19 13:17:39.916
434	3	25	4770000.00	2026-03-19 13:17:39.916
435	3	26	4920200.00	2026-03-19 13:17:39.916
436	3	27	4920200.00	2026-03-19 13:17:39.916
437	3	28	5075200.00	2026-03-19 13:17:39.916
438	3	29	5075200.00	2026-03-19 13:17:39.916
439	3	30	5235000.00	2026-03-19 13:17:39.916
440	3	31	5235000.00	2026-03-19 13:17:39.916
441	3	32	5399900.00	2026-03-19 13:17:39.916
442	3	33	0.00	2026-03-19 13:17:39.916
443	5	0	3426900.00	2026-03-19 13:17:39.916
444	5	1	3426900.00	2026-03-19 13:17:39.916
445	5	2	3534800.00	2026-03-19 13:17:39.916
446	5	3	3534800.00	2026-03-19 13:17:39.916
447	5	4	3646200.00	2026-03-19 13:17:39.916
448	5	5	3646200.00	2026-03-19 13:17:39.916
449	5	6	3761000.00	2026-03-19 13:17:39.916
450	5	7	3761000.00	2026-03-19 13:17:39.916
451	5	8	3879500.00	2026-03-19 13:17:39.916
452	5	9	3879500.00	2026-03-19 13:17:39.916
453	5	10	4001600.00	2026-03-19 13:17:39.916
454	5	11	4001600.00	2026-03-19 13:17:39.916
455	5	12	4127700.00	2026-03-19 13:17:39.916
456	5	13	4127700.00	2026-03-19 13:17:39.916
457	5	14	4257700.00	2026-03-19 13:17:39.916
458	5	15	4257700.00	2026-03-19 13:17:39.916
459	5	16	4391800.00	2026-03-19 13:17:39.916
460	5	17	4391800.00	2026-03-19 13:17:39.916
461	5	18	4530100.00	2026-03-19 13:17:39.916
462	5	19	4530100.00	2026-03-19 13:17:39.916
463	5	20	4672800.00	2026-03-19 13:17:39.916
464	5	21	4672800.00	2026-03-19 13:17:39.916
465	5	22	4819900.00	2026-03-19 13:17:39.916
466	5	23	4819900.00	2026-03-19 13:17:39.916
467	5	24	4971700.00	2026-03-19 13:17:39.916
468	5	25	4971700.00	2026-03-19 13:17:39.916
469	5	26	5128300.00	2026-03-19 13:17:39.916
470	5	27	5128300.00	2026-03-19 13:17:39.916
471	5	28	5289800.00	2026-03-19 13:17:39.916
472	5	29	5289800.00	2026-03-19 13:17:39.916
473	5	30	5456400.00	2026-03-19 13:17:39.916
474	5	31	5456400.00	2026-03-19 13:17:39.916
475	5	32	5628300.00	2026-03-19 13:17:39.916
476	5	33	0.00	2026-03-19 13:17:39.916
477	6	0	3571900.00	2026-03-19 13:17:39.916
478	6	1	3571900.00	2026-03-19 13:17:39.916
479	6	2	3684400.00	2026-03-19 13:17:39.916
480	6	3	3684400.00	2026-03-19 13:17:39.916
481	6	4	3800400.00	2026-03-19 13:17:39.916
482	6	5	3800400.00	2026-03-19 13:17:39.916
483	6	6	3920100.00	2026-03-19 13:17:39.916
484	6	7	3920100.00	2026-03-19 13:17:39.916
485	6	8	4043600.00	2026-03-19 13:17:39.916
486	6	9	4043600.00	2026-03-19 13:17:39.916
487	6	10	4170900.00	2026-03-19 13:17:39.916
488	6	11	4170900.00	2026-03-19 13:17:39.916
489	6	12	4302300.00	2026-03-19 13:17:39.916
490	6	13	4302300.00	2026-03-19 13:17:39.916
491	6	14	4437800.00	2026-03-19 13:17:39.916
492	6	15	4437800.00	2026-03-19 13:17:39.916
493	6	16	4577500.00	2026-03-19 13:17:39.916
494	6	17	4577500.00	2026-03-19 13:17:39.916
495	6	18	4721700.00	2026-03-19 13:17:39.916
496	6	19	4721700.00	2026-03-19 13:17:39.916
497	6	20	4870400.00	2026-03-19 13:17:39.916
498	6	21	4870400.00	2026-03-19 13:17:39.916
499	6	22	5023800.00	2026-03-19 13:17:39.916
500	6	23	5023800.00	2026-03-19 13:17:39.916
501	6	24	5182000.00	2026-03-19 13:17:39.916
502	6	25	5182000.00	2026-03-19 13:17:39.916
503	6	26	5345200.00	2026-03-19 13:17:39.916
504	6	27	5345200.00	2026-03-19 13:17:39.916
505	6	28	5513600.00	2026-03-19 13:17:39.916
506	6	29	5513600.00	2026-03-19 13:17:39.916
507	6	30	5687200.00	2026-03-19 13:17:39.916
508	6	31	5687200.00	2026-03-19 13:17:39.916
509	6	32	5866400.00	2026-03-19 13:17:39.916
510	6	33	0.00	2026-03-19 13:17:39.916
511	16	0	3723000.00	2026-03-19 13:17:39.916
512	16	1	3723000.00	2026-03-19 13:17:39.916
513	16	2	3840200.00	2026-03-19 13:17:39.916
514	16	3	3840200.00	2026-03-19 13:17:39.916
515	16	4	3961200.00	2026-03-19 13:17:39.916
516	16	5	3961200.00	2026-03-19 13:17:39.916
517	16	6	4085900.00	2026-03-19 13:17:39.916
518	16	7	4085900.00	2026-03-19 13:17:39.916
519	16	8	4214600.00	2026-03-19 13:17:39.916
520	16	9	4214600.00	2026-03-19 13:17:39.916
521	16	10	4347300.00	2026-03-19 13:17:39.916
522	16	11	4347300.00	2026-03-19 13:17:39.916
523	16	12	4484300.00	2026-03-19 13:17:39.916
524	16	13	4484300.00	2026-03-19 13:17:39.916
525	16	14	4625500.00	2026-03-19 13:17:39.916
526	16	15	4625500.00	2026-03-19 13:17:39.916
527	16	16	4771200.00	2026-03-19 13:17:39.916
528	16	17	4771200.00	2026-03-19 13:17:39.916
529	16	18	4921400.00	2026-03-19 13:17:39.916
530	16	19	4921400.00	2026-03-19 13:17:39.916
531	16	20	5076400.00	2026-03-19 13:17:39.916
532	16	21	5076400.00	2026-03-19 13:17:39.916
533	16	22	5236300.00	2026-03-19 13:17:39.916
534	16	23	5236300.00	2026-03-19 13:17:39.916
535	16	24	5401200.00	2026-03-19 13:17:39.916
536	16	25	5401200.00	2026-03-19 13:17:39.916
537	16	26	5571400.00	2026-03-19 13:17:39.916
538	16	27	5571400.00	2026-03-19 13:17:39.916
539	16	28	5746800.00	2026-03-19 13:17:39.916
540	16	29	5746800.00	2026-03-19 13:17:39.916
541	16	30	5927800.00	2026-03-19 13:17:39.916
542	16	31	5927800.00	2026-03-19 13:17:39.916
543	16	32	6114500.00	2026-03-19 13:17:39.916
544	16	33	0.00	2026-03-19 13:17:39.916
545	17	0	3880400.00	2026-03-19 13:17:39.916
546	17	1	3880400.00	2026-03-19 13:17:39.916
547	17	2	4002700.00	2026-03-19 13:17:39.916
548	17	3	4002700.00	2026-03-19 13:17:39.916
549	17	4	4128700.00	2026-03-19 13:17:39.916
550	17	5	4128700.00	2026-03-19 13:17:39.916
551	17	6	4258700.00	2026-03-19 13:17:39.916
552	17	7	4258700.00	2026-03-19 13:17:39.916
553	17	8	4392900.00	2026-03-19 13:17:39.916
554	17	9	4392900.00	2026-03-19 13:17:39.916
555	17	10	4531200.00	2026-03-19 13:17:39.916
556	17	11	4531200.00	2026-03-19 13:17:39.916
557	17	12	4673900.00	2026-03-19 13:17:39.916
558	17	13	4673900.00	2026-03-19 13:17:39.916
559	17	14	4821100.00	2026-03-19 13:17:39.916
560	17	15	4821100.00	2026-03-19 13:17:39.916
561	17	16	4973000.00	2026-03-19 13:17:39.916
562	17	17	4973000.00	2026-03-19 13:17:39.916
563	17	18	5129600.00	2026-03-19 13:17:39.916
564	17	19	5129600.00	2026-03-19 13:17:39.916
565	17	20	5291200.00	2026-03-19 13:17:39.916
566	17	21	5291200.00	2026-03-19 13:17:39.916
567	17	22	5457800.00	2026-03-19 13:17:39.916
568	17	23	5457800.00	2026-03-19 13:17:39.916
569	17	24	5629700.00	2026-03-19 13:17:39.916
570	17	25	5629700.00	2026-03-19 13:17:39.916
571	17	26	5807000.00	2026-03-19 13:17:39.916
572	17	27	5807000.00	2026-03-19 13:17:39.916
573	17	28	5989900.00	2026-03-19 13:17:39.916
574	17	29	5989900.00	2026-03-19 13:17:39.916
575	17	30	6178600.00	2026-03-19 13:17:39.916
576	17	31	6178600.00	2026-03-19 13:17:39.916
577	17	32	6373200.00	2026-03-19 13:17:39.916
578	17	33	0.00	2026-03-19 13:17:39.916
